{
  "bot_states": [
    {
      "ID": 0,
      "direction": 0.94483076755964479,
      "state": {
        "states": "SLEEPING"
      },
      "x_position": -429.37378023098796,
      "y_position": -94.838625345816467
    },
    {
      "ID": 1,
      "direction": -19.829937193744112,
      "state": 