{
  "bot_states": [
    {
      "ID": 0,
      "direction": 5.9929689502519903,
      "state": {
        "states": "SLEEPING"
      },
      "x_position": -366.80259746141877,
      "y_position": -160.74921761568254
    },
    {
      "ID": 1,
      "direction": -30.624751858605435,
      "state": 