{
  "bot_states": [
    {
      "ID": 0,
      "direction": 6.1244924480250242,
      "state": {},
      "x_position": -131.60023774811788,
      "y_position": -17.465386385382381
    },
    {
      "ID": 1,
      "direction": -13.987469179774001,
      "state": {},
      "x_position": -65.24095149996073,
      "y_position": -190.33127251567211
    },
    {
      "ID": 2,
      "direction": 4.0647775703014375,
      "state": {},
      "x_position": -12.5,
      "y_position": -185.0
    }
  ],
  "ticks": 10056
}