{
  "bot_states": [
    {
      "ID": 0,
      "direction": 2.815926023124582,
      "state": {
        "states": "SLEEPING"
      },
      "x_position": -64.373649436887888,
      "y_position": 88.998197811919013
    },
    {
      "ID": 1,
      "direction": -56.25868309774738,
      "state": 